source,sourceUrl,reviewer,date,service,rating,review
"Rover","https://www.rover.com/promos/carlam33121?utm_medium=direct&utm_campaign=977262825&utm_content=ssp&utm_source=sit-link&utm_term=Ad6674Lg","Steven S.","Apr 30","Boarding","5","Carla was fantastic with my energetic Irish setter puppy! She kept him happy, well-exercised, and safe the entire time. Great communication, sent plenty of updates and photos, and my pup came home tired and content. Highly recommend—book with confidence!"
"Rover","https://www.rover.com/promos/carlam33121?utm_medium=direct&utm_campaign=977262825&utm_content=ssp&utm_source=sit-link&utm_term=Ad6674Lg","Rachel M.","Apr 29","Boarding","5","Carla is very warm and loving with the dogs. She has a beautiful space to care for them. My dog seemed very comfortable and content after staying a couple of nights with her. I already have planned to book with her again!"
"Rover","https://www.rover.com/promos/carlam33121?utm_medium=direct&utm_campaign=977262825&utm_content=ssp&utm_source=sit-link&utm_term=Ad6674Lg","Gina F.","Apr 2","Boarding","5","Carla was exactly the kind, patient, sweet dog sitter I’ve been looking for for a few years. My dog is very senior & struggles with his back legs sometimes & Carla was extremely accommodating for him. He wasn’t really eating at first so instead of just letting him adjust & not eat she went out of her way & made him cooked food:) From the moment I dropped him off until I picked him up I had a really good vibes from her & his liking of her. I will 100% use Carla again she treated my baby just like her own 🥰"
"Rover","https://www.rover.com/promos/carlam33121?utm_medium=direct&utm_campaign=977262825&utm_content=ssp&utm_source=sit-link&utm_term=Ad6674Lg","Andresa C.","Apr 1","Doggy Day Care","5","My Xico came home exhausted and happy. He had met few new friends at Carla’s house. She is caring and helpful! He is looking forward to go back there. Her backyard is a playground for dogs!"
"Rover","https://www.rover.com/promos/carlam33121?utm_medium=direct&utm_campaign=977262825&utm_content=ssp&utm_source=sit-link&utm_term=Ad6674Lg","Nina L.","Mar 22","Boarding","5","Carla was very kind and communicative during my cat and dogs stay. My pets seemed happy and I will definitely use her services again in the future!"
"Rover","https://www.rover.com/promos/carlam33121?utm_medium=direct&utm_campaign=977262825&utm_content=ssp&utm_source=sit-link&utm_term=Ad6674Lg","Bridget M.","Jan 6","Drop-In Visits","5","thanks so much for taking care of the kitties!"
"Rover","https://www.rover.com/promos/carlam33121?utm_medium=direct&utm_campaign=977262825&utm_content=ssp&utm_source=sit-link&utm_term=Ad6674Lg","Krista C.","Dec 20","Drop-In Visits","5","Carla was great. She was very responsive and sent me all the details, pictures and communicated well. I would definitely recommend and will be hiring her again."
"Rover","https://www.rover.com/promos/carlam33121?utm_medium=direct&utm_campaign=977262825&utm_content=ssp&utm_source=sit-link&utm_term=Ad6674Lg","Rafaella M.","Dec 13","Doggy Day Care","5","Leah has such a great day with Carla. Totally recommend!"
"Rover","https://www.rover.com/promos/carlam33121?utm_medium=direct&utm_campaign=977262825&utm_content=ssp&utm_source=sit-link&utm_term=Ad6674Lg","Nilsa R.","Dec 13","Doggy Day Care","5","We left Tanner with Carla all day, 8:30a - 5p…..Carla says he played his heart out. He was sooo dirty, but he’s a dog….he got a good bath as soon as he got home. We will be using Carla again."
"Rover","https://www.rover.com/promos/carlam33121?utm_medium=direct&utm_campaign=977262825&utm_content=ssp&utm_source=sit-link&utm_term=Ad6674Lg","Alicia B.","Dec 12","Doggy Day Care","5","Very sweet and easy to communicate with. Coffee received lots of attention and played alot. Thank you"
"Rover","https://www.rover.com/promos/carlam33121?utm_medium=direct&utm_campaign=977262825&utm_content=ssp&utm_source=sit-link&utm_term=Ad6674Lg","Cindy C.","Dec 2","Boarding","5","Carla took care of my dog Teddy for the weekend, and she was absolutely amazing! Throughout my whole trip, I had complete peace of mind knowing Teddy was in the best hands. She cared for him as if he were her own sending me pictures, keeping me updated, and making sure he felt loved and comfortable. Because of her, I was truly able to enjoy my time with my family without any worries. I recommend her 100%! She is so friendly, sweet, and caring. We love her! ❤️"
"Rover","https://www.rover.com/promos/carlam33121?utm_medium=direct&utm_campaign=977262825&utm_content=ssp&utm_source=sit-link&utm_term=Ad6674Lg","Brittany L.","Oct 27","Boarding","5","I had such a great experience! She kept me updated the entire time with pictures and videos, which gave me so much peace of mind. My pup was clearly happy and well taken care of. I’ll definitely be booking with her again!"
"Rover","https://www.rover.com/promos/carlam33121?utm_medium=direct&utm_campaign=977262825&utm_content=ssp&utm_source=sit-link&utm_term=Ad6674Lg","Catherine B.","Sep 7","Boarding","5","THE BEST!!! I can’t express how amazing Carla is! She FaceTimed me and sent me videos,"
"Rover","https://www.rover.com/promos/carlam33121?utm_medium=direct&utm_campaign=977262825&utm_content=ssp&utm_source=sit-link&utm_term=Ad6674Lg","Francisco R.","Aug 23","Drop-In Visits","5","Amazing!!!! Will use her again!!"
"Rover","https://www.rover.com/promos/carlam33121?utm_medium=direct&utm_campaign=977262825&utm_content=ssp&utm_source=sit-link&utm_term=Ad6674Lg","Alissa Y.","Aug 4","Boarding","5","Great sitter. Fast communication and caring person."
"Rover","https://www.rover.com/promos/carlam33121?utm_medium=direct&utm_campaign=977262825&utm_content=ssp&utm_source=sit-link&utm_term=Ad6674Lg","Jenny Lee R.","Jul 14","Boarding","5","Carla is amazing!🤩 first time booking with her and I’m keeping her for sure! She seems she loves animals and she was very attentive with my little ones! Thank you so much! highly recommend 🤩🤩🤩🤩🤩"
"Rover","https://www.rover.com/promos/carlam33121?utm_medium=direct&utm_campaign=977262825&utm_content=ssp&utm_source=sit-link&utm_term=Ad6674Lg","Valentina V.","Jun 10","Boarding","5","Carla was amazing with our dog! She is a really sweet person and takes great care of your pets. She sends you pictures and videos during the day and answers pretty quickly. Thank you Carla, you are the best!"
"Rover","https://www.rover.com/promos/carlam33121?utm_medium=direct&utm_campaign=977262825&utm_content=ssp&utm_source=sit-link&utm_term=Ad6674Lg","Ryan C.","Jun 3","Boarding","5","Excellent care for my doggies!!! She went far beyond of what what expected to make my fur kids feel at ease and at home! Fully recommend her!!!"
"Rover","https://www.rover.com/promos/carlam33121?utm_medium=direct&utm_campaign=977262825&utm_content=ssp&utm_source=sit-link&utm_term=Ad6674Lg","Brignia V.","May 2","Boarding","5","Carla was Awesome! Very responsive, sent pictures and videos and more than anything loved on Nola so much! I will definitely book with her again!!"
"Rover","https://www.rover.com/promos/carlam33121?utm_medium=direct&utm_campaign=977262825&utm_content=ssp&utm_source=sit-link&utm_term=Ad6674Lg","Debbie F.","Apr 23","Boarding","5","Carla took fantastic care of my babies!!!! Got updates pictures & Abbi & Sofi love ❤️ she’s wonderful!!!!"